asset1,asset2,corelation
GLD,GLD,1.0
TLT,GLD,0.2599071474592094
SPY,GLD,0.07634181979917352
JPM,GLD,-0.06380064842011973
XOM,GLD,0.036420874858188956
AAPL,GLD,0.0351327917557091
JNJ,GLD,0.04369870958446671
KO,GLD,0.04460693478198385
GLD,TLT,0.2599071474592094
TLT,TLT,1.0
SPY,TLT,-0.15598963725437842
JPM,TLT,-0.30705741607384635
XOM,TLT,-0.23725044087611163
AAPL,TLT,-0.09211595970778083
JNJ,TLT,-0.08675506790558325
KO,TLT,-0.07179626813311277
GLD,SPY,0.07634181979917352
TLT,SPY,-0.15598963725437842
SPY,SPY,1.0
JPM,SPY,0.701696580131424
XOM,SPY,0.4863608359975324
AAPL,SPY,0.7413676662371386
JNJ,SPY,0.4280620428683184
KO,SPY,0.4919763737072185
GLD,JPM,-0.06380064842011973
TLT,JPM,-0.30705741607384635
SPY,JPM,0.701696580131424
JPM,JPM,1.0
XOM,JPM,0.5032791506533425
AAPL,JPM,0.4077259467597386
JNJ,JPM,0.32974379454064773
KO,JPM,0.38527868414883476
GLD,XOM,0.036420874858188956
TLT,XOM,-0.23725044087611163
SPY,XOM,0.4863608359975324
JPM,XOM,0.5032791506533425
XOM,XOM,1.0
AAPL,XOM,0.2772260548044227
JNJ,XOM,0.2834596013802674
KO,XOM,0.35510927068585685
GLD,AAPL,0.0351327917557091
TLT,AAPL,-0.09211595970778083
SPY,AAPL,0.7413676662371386
JPM,AAPL,0.4077259467597386
XOM,AAPL,0.2772260548044227
AAPL,AAPL,1.0
JNJ,AAPL,0.28943469324512144
KO,AAPL,0.32339997233719237
GLD,JNJ,0.04369870958446671
TLT,JNJ,-0.08675506790558325
SPY,JNJ,0.4280620428683184
JPM,JNJ,0.32974379454064773
XOM,JNJ,0.2834596013802674
AAPL,JNJ,0.28943469324512144
JNJ,JNJ,1.0
KO,JNJ,0.49495909096056356
GLD,KO,0.04460693478198385
TLT,KO,-0.07179626813311277
SPY,KO,0.4919763737072185
JPM,KO,0.38527868414883476
XOM,KO,0.35510927068585685
AAPL,KO,0.32339997233719237
JNJ,KO,0.49495909096056356
KO,KO,1.0
